{
    "(100, 1.0, 0.5)": {
        "E0": -38.819050452714066,
        "E1": -38.16073533978936
    },
    "(100, 1.0, -1.0)": {
        "E0": -41.14955856164864,
        "E1": -40.530433911253176
    },
    "(100, 1.0, -2.0)": {
        "E0": -49.32946818057106,
        "E1": -48.90901454602317
    },
    "(100, 0.5, 1.0)": {
        "E0": [
            -38.165754266017565,
            -38.1657542660172,
            -38.165754266017636,
            -38.16575426601718
        ],
        "E1": -37.52305191383257
    },
    "(100, -1.0, 1.0)": {
        "E0": [
            -40.56724771538093,
            -40.567247715381455,
            -40.56724771538102,
            -40.567247715380745
        ],
        "E1": -39.94817324749289
    },
    "(100, -2.0, 1.0)": {
        "E0": [
            -49.02744283750053,
            -49.027442837500544,
            -49.027442837500864,
            -49.02744283750043
        ],
        "E1": -48.60697216956696
    }
}